縣市鄉鎮名稱,種植面積,收穫面積,每公頃收量,收量
臺北市,3.96,3.96,719,"2,847"
新北市,11.84,8.93,279,"2,489"
桃園市,15.62,4.19,555,"2,326"
新竹縣,10.11,10.11,572,"5,783"
苗栗縣,65.72,65.72,905,"59,499"
臺中市,47.11,47.06,698,"32,867"
彰化縣,22.5,22.5,756,"17,007"
南投縣,195.88,195.88,802,"157,105"
雲林縣,60.35,60.35,"1,067","64,413"
嘉義縣,136,136,682,"92,735"
嘉義市,1.1,1.1,983,"1,081"
臺南市,59.42,59.42,993,"59,033"
高雄市,72.73,72.71,825,"59,975"
屏東縣,235.35,228.98,706,"161,552"
宜蘭縣,8.85,8.65,706,"6,105"
花蓮縣,78.61,72.57,551,"39,969"
臺東縣,143.78,143.48,986,"141,433"
金門縣,0.05,0.05,360,18
